Index,Date,Departure Time,Arrivel Time,Price
0,2017-09-07,7:45 am,11:05 am,$37
1,2017-09-07,9:50 am,2:15 pm,$33
2,2017-09-07,3:30 pm,7:10 pm,$33
3,2017-09-07,3:30 pm,7:10 pm,$43
4,2017-09-08,7:45 am,11:05 am,$39
5,2017-09-08,9:50 am,2:15 pm,$38
6,2017-09-08,3:30 pm,7:40 pm,$38
7,2017-09-08,3:30 pm,7:40 pm,$48
8,2017-09-08,4:30 pm,8:49 pm,$38
9,2017-09-09,7:45 am,11:05 am,$34
10,2017-09-09,9:50 am,2:15 pm,$33
11,2017-09-09,3:30 pm,7:10 pm,$24
12,2017-09-09,3:30 pm,7:10 pm,$34
13,2017-09-10,7:45 am,11:05 am,$34
14,2017-09-10,9:50 am,2:15 pm,$34
15,2017-09-10,3:30 pm,7:44 pm,$38
16,2017-09-10,4:30 pm,8:15 pm,$38
17,2017-09-10,4:30 pm,8:15 pm,$48
18,2017-09-11,7:45 am,11:05 am,$34
19,2017-09-11,9:50 am,2:15 pm,$24
20,2017-09-11,3:30 pm,7:10 pm,$24
21,2017-09-11,3:30 pm,7:10 pm,$34
22,2017-09-12,7:45 am,11:05 am,$26
23,2017-09-12,9:50 am,2:15 pm,$23
24,2017-09-12,3:30 pm,7:10 pm,$22
25,2017-09-12,3:30 pm,7:10 pm,$32
26,2017-09-13,7:45 am,11:05 am,$26
27,2017-09-13,9:50 am,2:15 pm,$23
28,2017-09-13,3:30 pm,7:10 pm,$22
29,2017-09-13,3:30 pm,7:10 pm,$32
30,2017-09-14,7:45 am,11:05 am,$26
31,2017-09-14,9:50 am,2:15 pm,$23
32,2017-09-14,3:30 pm,7:10 pm,$23
33,2017-09-14,3:30 pm,7:10 pm,$33
34,2017-09-15,7:45 am,11:05 am,$26
35,2017-09-15,9:50 am,2:15 pm,$25
36,2017-09-15,3:30 pm,7:40 pm,$38
37,2017-09-15,3:30 pm,7:40 pm,$48
38,2017-09-15,4:30 pm,8:49 pm,$38
39,2017-09-16,7:45 am,11:05 am,$26
40,2017-09-16,9:50 am,2:15 pm,$23
41,2017-09-16,3:30 pm,7:10 pm,$22
42,2017-09-16,3:30 pm,7:10 pm,$32
43,2017-09-17,7:45 am,11:05 am,$26
44,2017-09-17,9:50 am,2:15 pm,$24
45,2017-09-17,3:30 pm,7:44 pm,$33
46,2017-09-17,4:30 pm,8:15 pm,$33
47,2017-09-17,4:30 pm,8:15 pm,$43
48,2017-09-18,7:45 am,11:05 am,$32
49,2017-09-18,9:50 am,2:15 pm,$23
50,2017-09-18,3:30 pm,7:10 pm,$23
51,2017-09-18,3:30 pm,7:10 pm,$33
52,2017-09-19,7:45 am,11:05 am,$26
53,2017-09-19,9:50 am,2:15 pm,$23
54,2017-09-19,3:30 pm,7:10 pm,$22
55,2017-09-19,3:30 pm,7:10 pm,$32
56,2017-09-20,7:45 am,11:05 am,$26
57,2017-09-20,9:50 am,2:15 pm,$23
58,2017-09-20,3:30 pm,7:10 pm,$22
59,2017-09-20,3:30 pm,7:10 pm,$32
60,2017-09-21,7:45 am,11:05 am,$26
61,2017-09-21,9:50 am,2:15 pm,$24
62,2017-09-21,3:30 pm,7:10 pm,$23
63,2017-09-21,3:30 pm,7:10 pm,$33
64,2017-09-22,7:45 am,11:05 am,$26
65,2017-09-22,9:50 am,2:15 pm,$27
66,2017-09-22,3:30 pm,7:40 pm,$36
67,2017-09-22,3:30 pm,7:40 pm,$46
68,2017-09-22,4:30 pm,8:49 pm,$36
69,2017-09-23,7:45 am,11:05 am,$26
70,2017-09-23,9:50 am,2:15 pm,$25
71,2017-09-23,3:30 pm,7:10 pm,$24
72,2017-09-23,3:30 pm,7:10 pm,$34
73,2017-09-24,7:45 am,11:05 am,$26
74,2017-09-24,9:50 am,2:15 pm,$25
75,2017-09-24,3:30 pm,7:44 pm,$34
76,2017-09-24,4:30 pm,8:15 pm,$38
77,2017-09-24,4:30 pm,8:15 pm,$48
78,2017-09-25,7:45 am,11:05 am,$34
79,2017-09-25,9:50 am,2:15 pm,$25
80,2017-09-25,3:30 pm,7:10 pm,$24
81,2017-09-25,3:30 pm,7:10 pm,$34
82,2017-09-26,7:45 am,11:05 am,$26
83,2017-09-26,9:50 am,2:15 pm,$23
84,2017-09-26,3:30 pm,7:10 pm,$23
85,2017-09-26,3:30 pm,7:10 pm,$33
86,2017-09-27,7:45 am,11:05 am,$26
87,2017-09-27,9:50 am,2:15 pm,$1
88,2017-09-27,3:30 pm,7:10 pm,$24
89,2017-09-27,3:30 pm,7:10 pm,$34
90,2017-09-28,7:45 am,11:05 am,$26
91,2017-09-28,9:50 am,2:15 pm,$24
92,2017-09-28,3:30 pm,7:10 pm,$23
93,2017-09-28,3:30 pm,7:10 pm,$33
94,2017-09-29,7:45 am,11:05 am,$26
95,2017-09-29,9:50 am,2:15 pm,$27
96,2017-09-29,3:30 pm,7:40 pm,$36
97,2017-09-29,3:30 pm,7:40 pm,$46
98,2017-09-29,4:30 pm,8:49 pm,$36
99,2017-09-30,7:45 am,11:05 am,$26
100,2017-09-30,9:50 am,2:15 pm,$25
101,2017-09-30,3:30 pm,7:10 pm,$24
102,2017-09-30,3:30 pm,7:10 pm,$34
103,2017-10-01,7:45 am,11:05 am,$26
104,2017-10-01,9:50 am,2:15 pm,$27
105,2017-10-01,3:30 pm,7:44 pm,$41
106,2017-10-01,4:30 pm,8:15 pm,$41
107,2017-10-01,4:30 pm,8:15 pm,$51
108,2017-10-02,7:45 am,11:05 am,$26
109,2017-10-02,9:50 am,2:15 pm,$25
110,2017-10-02,3:30 pm,7:10 pm,$24
111,2017-10-02,3:30 pm,7:10 pm,$34
112,2017-10-03,7:45 am,11:05 am,$26
113,2017-10-03,9:50 am,2:15 pm,$25
114,2017-10-03,3:30 pm,7:10 pm,$24
115,2017-10-03,3:30 pm,7:10 pm,$34
116,2017-10-04,7:45 am,11:05 am,$26
117,2017-10-04,9:50 am,2:15 pm,$24
118,2017-10-04,3:30 pm,7:10 pm,$24
119,2017-10-04,3:30 pm,7:10 pm,$34
120,2017-10-05,7:45 am,11:05 am,$26
121,2017-10-05,9:50 am,2:15 pm,$25
122,2017-10-05,3:30 pm,7:10 pm,$24
123,2017-10-05,3:30 pm,7:10 pm,$34
124,2017-10-06,7:45 am,11:05 am,$26
125,2017-10-06,9:50 am,2:15 pm,$26
126,2017-10-06,3:30 pm,7:40 pm,$26
127,2017-10-06,3:30 pm,7:40 pm,$36
128,2017-10-06,4:30 pm,8:49 pm,$36
129,2017-10-07,7:45 am,11:05 am,$26
130,2017-10-07,9:50 am,2:15 pm,$25
131,2017-10-07,3:30 pm,7:10 pm,$24
132,2017-10-07,3:30 pm,7:10 pm,$34
133,2017-10-08,7:45 am,11:05 am,$26
134,2017-10-08,9:50 am,2:15 pm,$24
135,2017-10-08,3:30 pm,7:44 pm,$34
136,2017-10-08,4:30 pm,8:15 pm,$34
137,2017-10-08,4:30 pm,8:15 pm,$44
138,2017-10-09,7:45 am,11:05 am,$26
139,2017-10-09,9:50 am,2:15 pm,$25
140,2017-10-09,3:30 pm,7:10 pm,$24
141,2017-10-09,3:30 pm,7:10 pm,$34
142,2017-10-10,7:45 am,11:05 am,$26
143,2017-10-10,9:50 am,2:15 pm,$25
144,2017-10-10,3:30 pm,7:10 pm,$24
145,2017-10-10,3:30 pm,7:10 pm,$34
146,2017-10-11,7:45 am,11:05 am,$26
147,2017-10-11,9:50 am,2:15 pm,$24
148,2017-10-11,3:30 pm,7:10 pm,$24
149,2017-10-11,3:30 pm,7:10 pm,$34
150,2017-10-12,7:45 am,11:05 am,$26
151,2017-10-12,9:50 am,2:15 pm,$24
152,2017-10-12,3:30 pm,7:10 pm,$24
153,2017-10-12,3:30 pm,7:10 pm,$34
154,2017-10-13,7:45 am,11:05 am,$26
155,2017-10-13,9:50 am,2:15 pm,$24
156,2017-10-13,3:30 pm,7:40 pm,$34
157,2017-10-13,3:30 pm,7:40 pm,$44
158,2017-10-13,4:30 pm,8:49 pm,$34
159,2017-10-14,7:45 am,11:05 am,$26
160,2017-10-14,9:50 am,2:15 pm,$25
161,2017-10-14,3:30 pm,7:10 pm,$24
162,2017-10-14,3:30 pm,7:10 pm,$34
163,2017-10-15,7:45 am,11:05 am,$26
164,2017-10-15,9:50 am,2:15 pm,$25
165,2017-10-15,3:30 pm,7:44 pm,$34
166,2017-10-15,4:30 pm,8:15 pm,$34
167,2017-10-15,4:30 pm,8:15 pm,$44
168,2017-10-16,7:45 am,11:05 am,$26
169,2017-10-16,9:50 am,2:15 pm,$25
170,2017-10-16,3:30 pm,7:10 pm,$24
171,2017-10-16,3:30 pm,7:10 pm,$34
172,2017-10-17,7:45 am,11:05 am,$26
173,2017-10-17,9:50 am,2:15 pm,$24
174,2017-10-17,3:30 pm,7:10 pm,$24
175,2017-10-17,3:30 pm,7:10 pm,$34
176,2017-10-18,7:45 am,11:05 am,$26
177,2017-10-18,9:50 am,2:15 pm,$24
178,2017-10-18,3:30 pm,7:10 pm,$24
179,2017-10-18,3:30 pm,7:10 pm,$34
180,2017-10-19,7:45 am,11:05 am,$26
181,2017-10-19,9:50 am,2:15 pm,$24
182,2017-10-19,3:30 pm,7:10 pm,$24
183,2017-10-19,3:30 pm,7:10 pm,$34
184,2017-10-20,7:45 am,11:05 am,$26
185,2017-10-20,9:50 am,2:15 pm,$25
186,2017-10-20,3:30 pm,7:40 pm,$24
187,2017-10-20,3:30 pm,7:40 pm,$34
188,2017-10-20,4:30 pm,8:49 pm,$38
189,2017-10-21,7:45 am,11:05 am,$26
190,2017-10-21,9:50 am,2:15 pm,$24
191,2017-10-21,3:30 pm,7:10 pm,$24
192,2017-10-21,3:30 pm,7:10 pm,$34
193,2017-10-22,7:45 am,11:05 am,$26
194,2017-10-22,9:50 am,2:15 pm,$25
195,2017-10-23,7:45 am,11:05 am,$26
196,2017-10-23,9:50 am,2:15 pm,$25
197,2017-10-23,3:30 pm,7:10 pm,$24
198,2017-10-23,3:30 pm,7:10 pm,$34
199,2017-10-23,3:30 pm,7:44 pm,$34
200,2017-10-23,4:30 pm,8:15 pm,$25
201,2017-10-23,4:30 pm,8:15 pm,$35
202,2017-10-24,7:45 am,11:05 am,$26
203,2017-10-24,9:50 am,2:15 pm,$25
204,2017-10-24,3:30 pm,7:10 pm,$24
205,2017-10-24,3:30 pm,7:10 pm,$34
206,2017-10-25,7:45 am,11:05 am,$26
207,2017-10-25,9:50 am,2:15 pm,$24
208,2017-10-25,3:30 pm,7:10 pm,$24
209,2017-10-25,3:30 pm,7:10 pm,$34
210,2017-10-26,7:45 am,11:05 am,$26
211,2017-10-26,9:50 am,2:15 pm,$25
212,2017-10-26,3:30 pm,7:10 pm,$24
213,2017-10-26,3:30 pm,7:10 pm,$34
214,2017-10-27,7:45 am,11:05 am,$26
215,2017-10-27,9:50 am,2:15 pm,$25
216,2017-10-27,3:30 pm,7:40 pm,$34
217,2017-10-27,3:30 pm,7:40 pm,$44
218,2017-10-27,4:30 pm,8:49 pm,$25
219,2017-10-28,7:45 am,11:05 am,$26
220,2017-10-28,9:50 am,2:15 pm,$24
221,2017-10-28,3:30 pm,7:10 pm,$24
222,2017-10-28,3:30 pm,7:10 pm,$34
223,2017-10-29,7:45 am,11:05 am,$26
224,2017-10-29,9:50 am,2:15 pm,$24
225,2017-10-29,3:30 pm,7:44 pm,$34
226,2017-10-29,4:30 pm,8:15 pm,$34
227,2017-10-29,4:30 pm,8:15 pm,$44
228,2017-10-30,7:45 am,11:05 am,$26
229,2017-10-30,9:50 am,2:15 pm,$24
230,2017-10-30,3:30 pm,7:10 pm,$24
231,2017-10-30,3:30 pm,7:10 pm,$34
232,2017-10-31,7:45 am,11:05 am,$26
233,2017-10-31,9:50 am,2:15 pm,$25
234,2017-10-31,3:30 pm,7:10 pm,$24
235,2017-10-31,3:30 pm,7:10 pm,$34
236,2017-11-01,7:45 am,11:05 am,$26
237,2017-11-01,9:50 am,2:15 pm,$24
238,2017-11-01,3:30 pm,7:10 pm,$24
239,2017-11-01,3:30 pm,7:10 pm,$34
240,2017-11-02,7:45 am,11:05 am,$26
241,2017-11-02,9:50 am,2:15 pm,$24
242,2017-11-02,3:30 pm,7:10 pm,$24
243,2017-11-02,3:30 pm,7:10 pm,$34
244,2017-11-03,7:45 am,11:05 am,$26
245,2017-11-03,9:50 am,2:15 pm,$25
246,2017-11-03,3:30 pm,7:40 pm,$25
247,2017-11-03,3:30 pm,7:40 pm,$35
248,2017-11-03,4:30 pm,8:49 pm,$25
249,2017-11-04,7:45 am,11:05 am,$26
250,2017-11-04,9:50 am,2:15 pm,$24
251,2017-11-04,3:30 pm,7:10 pm,$24
252,2017-11-04,3:30 pm,7:10 pm,$34
253,2017-11-05,7:45 am,11:05 am,$26
254,2017-11-05,9:50 am,2:15 pm,$24
255,2017-11-05,3:30 pm,7:44 pm,$34
256,2017-11-05,4:30 pm,8:15 pm,$34
257,2017-11-05,4:30 pm,8:15 pm,$44
258,2017-11-06,7:45 am,11:05 am,$26
259,2017-11-06,9:50 am,2:15 pm,$24
260,2017-11-06,3:30 pm,7:10 pm,$24
261,2017-11-06,3:30 pm,7:10 pm,$34
262,2017-11-07,7:45 am,11:05 am,$26
263,2017-11-07,9:50 am,2:15 pm,$24
264,2017-11-07,3:30 pm,7:10 pm,$1
265,2017-11-07,3:30 pm,7:10 pm,$34
266,2017-11-08,7:45 am,11:05 am,$26
267,2017-11-08,9:50 am,2:15 pm,$24
268,2017-11-08,3:30 pm,7:10 pm,$24
269,2017-11-08,3:30 pm,7:10 pm,$34
270,2017-11-09,7:45 am,11:05 am,$26
271,2017-11-09,9:50 am,2:15 pm,$24
272,2017-11-09,3:30 pm,7:10 pm,$24
273,2017-11-09,3:30 pm,7:10 pm,$34
274,2017-11-10,7:45 am,11:05 am,$26
275,2017-11-10,9:50 am,2:15 pm,$24
276,2017-11-10,3:30 pm,7:40 pm,$25
277,2017-11-10,3:30 pm,7:40 pm,$35
278,2017-11-10,4:30 pm,8:49 pm,$25
279,2017-11-11,7:45 am,11:05 am,$26
280,2017-11-11,9:50 am,2:15 pm,$24
281,2017-11-11,3:30 pm,7:10 pm,$24
282,2017-11-11,3:30 pm,7:10 pm,$34
283,2017-11-12,7:45 am,11:05 am,$26
284,2017-11-12,9:50 am,2:15 pm,$24
285,2017-11-12,3:30 pm,7:44 pm,$34
286,2017-11-12,4:30 pm,8:15 pm,$24
287,2017-11-12,4:30 pm,8:15 pm,$34
288,2017-11-13,7:45 am,11:05 am,$26
289,2017-11-13,9:50 am,2:15 pm,$24
290,2017-11-13,3:30 pm,7:10 pm,$24
291,2017-11-13,3:30 pm,7:10 pm,$34
292,2017-11-14,7:45 am,11:05 am,$26
293,2017-11-14,9:50 am,2:15 pm,$24
294,2017-11-14,3:30 pm,7:10 pm,$24
295,2017-11-14,3:30 pm,7:10 pm,$34
296,2017-11-15,7:45 am,11:05 am,$26
297,2017-11-15,9:50 am,2:15 pm,$24
298,2017-11-15,3:30 pm,7:10 pm,$1
299,2017-11-15,3:30 pm,7:10 pm,$34
300,2017-11-16,7:45 am,11:05 am,$26
301,2017-11-16,9:50 am,2:15 pm,$1
302,2017-11-16,3:30 pm,7:10 pm,$24
303,2017-11-16,3:30 pm,7:10 pm,$34
304,2017-11-17,7:45 am,11:05 am,$26
305,2017-11-17,9:50 am,2:15 pm,$24
306,2017-11-17,3:30 pm,7:40 pm,$25
307,2017-11-17,3:30 pm,7:40 pm,$35
308,2017-11-17,4:30 pm,8:49 pm,$25
309,2017-11-18,7:45 am,11:05 am,$26
310,2017-11-18,9:50 am,2:15 pm,$24
311,2017-11-18,3:30 pm,7:10 pm,$24
312,2017-11-18,3:30 pm,7:10 pm,$34
313,2017-11-19,7:45 am,11:05 am,$26
314,2017-11-19,9:50 am,2:15 pm,$24
315,2017-11-19,3:30 pm,7:44 pm,$34
316,2017-11-19,4:30 pm,8:15 pm,$24
317,2017-11-19,4:30 pm,8:15 pm,$34
318,2017-11-20,7:45 am,11:05 am,$26
319,2017-11-20,9:50 am,2:15 pm,$24
320,2017-11-20,3:30 pm,7:10 pm,$24
321,2017-11-20,3:30 pm,7:10 pm,$34
322,2017-11-21,7:45 am,11:05 am,$26
323,2017-11-21,9:50 am,2:15 pm,$24
324,2017-11-21,3:30 pm,7:10 pm,$24
325,2017-11-21,3:30 pm,7:10 pm,$34
326,2017-11-22,7:45 am,11:05 am,$26
327,2017-11-22,9:50 am,2:15 pm,$24
328,2017-11-22,3:30 pm,7:10 pm,$24
329,2017-11-22,3:30 pm,7:10 pm,$34
330,2017-11-23,7:45 am,11:05 am,$26
331,2017-11-23,9:50 am,2:15 pm,$24
332,2017-11-23,3:30 pm,7:10 pm,$24
333,2017-11-23,3:30 pm,7:10 pm,$34
334,2017-11-24,7:45 am,11:05 am,$26
335,2017-11-24,9:50 am,2:15 pm,$25
336,2017-11-24,3:30 pm,7:40 pm,$25
337,2017-11-24,3:30 pm,7:40 pm,$35
338,2017-11-24,4:30 pm,8:49 pm,$25
339,2017-11-25,7:45 am,11:05 am,$26
340,2017-11-25,9:50 am,2:15 pm,$24
341,2017-11-25,3:30 pm,7:10 pm,$24
342,2017-11-25,3:30 pm,7:10 pm,$34
343,2017-11-26,7:45 am,11:05 am,$26
344,2017-11-26,9:50 am,2:15 pm,$24
345,2017-11-26,3:30 pm,7:44 pm,$25
346,2017-11-26,4:30 pm,8:15 pm,$24
347,2017-11-26,4:30 pm,8:15 pm,$34
348,2017-11-27,7:45 am,11:05 am,$26
349,2017-11-27,9:50 am,2:15 pm,$24
350,2017-11-27,3:30 pm,7:10 pm,$24
351,2017-11-27,3:30 pm,7:10 pm,$34
352,2017-11-28,7:45 am,11:05 am,$26
353,2017-11-28,9:50 am,2:15 pm,$24
354,2017-11-28,3:30 pm,7:10 pm,$24
355,2017-11-28,3:30 pm,7:10 pm,$34
356,2017-11-29,7:45 am,11:05 am,$26
357,2017-11-29,9:50 am,2:15 pm,$1
358,2017-11-29,3:30 pm,7:10 pm,$24
359,2017-11-29,3:30 pm,7:10 pm,$34
360,2017-11-30,7:45 am,11:05 am,$26
361,2017-11-30,9:50 am,2:15 pm,$24
362,2017-11-30,3:30 pm,7:10 pm,$24
363,2017-11-30,3:30 pm,7:10 pm,$34
364,2017-12-01,7:45 am,11:05 am,$26
365,2017-12-01,9:50 am,2:15 pm,$25
366,2017-12-01,3:30 pm,7:40 pm,$24
367,2017-12-01,3:30 pm,7:40 pm,$34
368,2017-12-01,4:30 pm,8:49 pm,$34
369,2017-12-02,7:45 am,11:05 am,$26
370,2017-12-02,9:50 am,2:15 pm,$25
371,2017-12-02,3:30 pm,7:10 pm,$1
372,2017-12-02,3:30 pm,7:10 pm,$34
373,2017-12-03,7:45 am,11:05 am,$26
374,2017-12-03,9:50 am,2:15 pm,$24
375,2017-12-03,3:30 pm,7:44 pm,$24
376,2017-12-03,4:30 pm,8:15 pm,$34
377,2017-12-03,4:30 pm,8:15 pm,$44
378,2017-12-04,7:45 am,11:05 am,$26
379,2017-12-04,9:50 am,2:15 pm,$24
380,2017-12-04,3:30 pm,7:10 pm,$24
381,2017-12-04,3:30 pm,7:10 pm,$34
382,2017-12-05,7:45 am,11:05 am,$26
383,2017-12-05,9:50 am,2:15 pm,$24
384,2017-12-05,3:30 pm,7:10 pm,$1
385,2017-12-05,3:30 pm,7:10 pm,$34
386,2017-12-06,7:45 am,11:05 am,$26
387,2017-12-06,9:50 am,2:15 pm,$24
388,2017-12-06,3:30 pm,7:10 pm,$24
389,2017-12-06,3:30 pm,7:10 pm,$34
390,2017-12-07,7:45 am,11:05 am,$26
391,2017-12-07,9:50 am,2:15 pm,$24
392,2017-12-07,3:30 pm,7:10 pm,$24
393,2017-12-07,3:30 pm,7:10 pm,$34
394,2017-12-08,7:45 am,11:05 am,$26
395,2017-12-08,9:50 am,2:15 pm,$24
396,2017-12-08,3:30 pm,7:40 pm,$24
397,2017-12-08,3:30 pm,7:40 pm,$34
398,2017-12-08,4:30 pm,8:49 pm,$25
399,2017-12-09,7:45 am,11:05 am,$26
400,2017-12-09,9:50 am,2:15 pm,$24
401,2017-12-09,3:30 pm,7:10 pm,$1
402,2017-12-09,3:30 pm,7:10 pm,$34
403,2017-12-10,7:45 am,11:05 am,$26
404,2017-12-10,9:50 am,2:15 pm,$24
405,2017-12-10,3:30 pm,7:44 pm,$1
406,2017-12-10,4:30 pm,8:15 pm,$24
407,2017-12-10,4:30 pm,8:15 pm,$34
408,2017-12-11,7:45 am,11:05 am,$26
409,2017-12-11,9:50 am,2:15 pm,$24
410,2017-12-11,3:30 pm,7:10 pm,$24
411,2017-12-11,3:30 pm,7:10 pm,$34
412,2017-12-12,7:45 am,11:05 am,$26
413,2017-12-12,9:50 am,2:15 pm,$24
414,2017-12-12,3:30 pm,7:10 pm,$24
415,2017-12-12,3:30 pm,7:10 pm,$34
416,2017-12-13,7:45 am,11:05 am,$26
417,2017-12-13,9:50 am,2:15 pm,$24
418,2017-12-13,3:30 pm,7:10 pm,$1
419,2017-12-13,3:30 pm,7:10 pm,$34
420,2017-12-14,7:45 am,11:05 am,$26
421,2017-12-14,9:50 am,2:15 pm,$24
422,2017-12-14,3:30 pm,7:10 pm,$1
423,2017-12-14,3:30 pm,7:10 pm,$34
424,2017-12-15,7:45 am,11:05 am,$26
425,2017-12-15,9:50 am,2:15 pm,$25
426,2017-12-15,3:30 pm,7:40 pm,$25
427,2017-12-15,3:30 pm,7:40 pm,$35
428,2017-12-15,4:30 pm,8:49 pm,$25
429,2017-12-16,7:45 am,11:05 am,$26
430,2017-12-16,9:50 am,2:15 pm,$24
431,2017-12-16,3:30 pm,7:10 pm,$24
432,2017-12-16,3:30 pm,7:10 pm,$34
433,2017-12-17,7:45 am,11:05 am,$26
434,2017-12-17,9:50 am,2:15 pm,$24
435,2017-12-17,3:30 pm,7:44 pm,$1
436,2017-12-17,4:30 pm,8:15 pm,$1
437,2017-12-17,4:30 pm,8:15 pm,$34
438,2017-12-18,7:45 am,11:05 am,$26
439,2017-12-18,9:50 am,2:15 pm,$25
440,2017-12-18,3:30 pm,7:10 pm,$24
441,2017-12-18,3:30 pm,7:10 pm,$34
442,2017-12-19,7:45 am,11:05 am,$26
443,2017-12-19,9:50 am,2:15 pm,$24
444,2017-12-19,3:30 pm,7:10 pm,$24
445,2017-12-19,3:30 pm,7:10 pm,$34
446,2017-12-20,7:45 am,11:05 am,$26
447,2017-12-20,9:50 am,2:15 pm,$24
448,2017-12-20,3:30 pm,7:10 pm,$1
449,2017-12-20,3:30 pm,7:10 pm,$34
450,2017-12-21,7:45 am,11:05 am,$26
451,2017-12-21,9:50 am,2:15 pm,$24
452,2017-12-21,3:30 pm,7:10 pm,$24
453,2017-12-21,3:30 pm,7:10 pm,$34
454,2017-12-22,7:45 am,11:05 am,$26
455,2017-12-22,9:50 am,2:15 pm,$24
456,2017-12-22,3:30 pm,7:40 pm,$24
457,2017-12-22,3:30 pm,7:40 pm,$34
458,2017-12-22,4:30 pm,8:49 pm,$25
459,2017-12-23,7:45 am,11:05 am,$26
460,2017-12-23,9:50 am,2:15 pm,$25
461,2017-12-23,3:30 pm,7:10 pm,$24
462,2017-12-23,3:30 pm,7:10 pm,$34
463,2017-12-24,7:45 am,11:05 am,$26
464,2017-12-24,9:50 am,2:15 pm,$24
465,2017-12-24,3:30 pm,7:44 pm,$24
466,2017-12-24,4:30 pm,8:15 pm,$24
467,2017-12-24,4:30 pm,8:15 pm,$34
468,2017-12-25,7:45 am,11:05 am,$26
469,2017-12-25,9:50 am,2:15 pm,$24
470,2017-12-25,3:30 pm,7:10 pm,$24
471,2017-12-25,3:30 pm,7:10 pm,$34
472,2017-12-26,7:45 am,11:05 am,$26
473,2017-12-26,9:50 am,2:15 pm,$24
474,2017-12-26,3:30 pm,7:10 pm,$24
475,2017-12-26,3:30 pm,7:10 pm,$34
476,2017-12-27,7:45 am,11:05 am,$26
477,2017-12-27,9:50 am,2:15 pm,$24
478,2017-12-27,3:30 pm,7:10 pm,$24
479,2017-12-27,3:30 pm,7:10 pm,$34
480,2017-12-28,7:45 am,11:05 am,$26
481,2017-12-28,9:50 am,2:15 pm,$24
482,2017-12-28,3:30 pm,7:10 pm,$24
483,2017-12-28,3:30 pm,7:10 pm,$34
484,2017-12-29,7:45 am,11:05 am,$26
485,2017-12-29,9:50 am,2:15 pm,$24
486,2017-12-29,3:30 pm,7:40 pm,$34
487,2017-12-29,3:30 pm,7:40 pm,$44
488,2017-12-29,4:30 pm,8:49 pm,$34
489,2017-12-30,7:45 am,11:05 am,$26
490,2017-12-30,9:50 am,2:15 pm,$24
491,2017-12-30,3:30 pm,7:10 pm,$24
492,2017-12-30,3:30 pm,7:10 pm,$34
493,2017-12-31,7:45 am,11:05 am,$26
494,2017-12-31,9:50 am,2:15 pm,$1
495,2017-12-31,3:30 pm,7:44 pm,$24
496,2017-12-31,4:30 pm,8:15 pm,$25
497,2017-12-31,4:30 pm,8:15 pm,$35
498,2018-01-01,7:45 am,11:05 am,$26
499,2018-01-01,9:50 am,2:15 pm,$24
500,2018-01-01,3:30 pm,7:10 pm,$24
501,2018-01-01,3:30 pm,7:10 pm,$34
502,2018-01-02,7:45 am,11:05 am,$26
503,2018-01-02,9:50 am,2:15 pm,$24
504,2018-01-02,3:30 pm,7:10 pm,$24
505,2018-01-02,3:30 pm,7:10 pm,$34
506,2018-01-03,7:45 am,11:05 am,$26
507,2018-01-03,9:50 am,2:15 pm,$24
508,2018-01-03,3:30 pm,7:10 pm,$1
509,2018-01-03,3:30 pm,7:10 pm,$34
510,2018-01-04,7:45 am,11:05 am,$26
511,2018-01-04,9:50 am,2:15 pm,$24
512,2018-01-04,3:30 pm,7:10 pm,$24
513,2018-01-04,3:30 pm,7:10 pm,$34
514,2018-01-05,7:45 am,11:05 am,$26
515,2018-01-05,9:50 am,2:15 pm,$24
516,2018-01-05,3:30 pm,7:40 pm,$24
517,2018-01-05,3:30 pm,7:40 pm,$34
518,2018-01-05,4:30 pm,8:49 pm,$25
519,2018-01-06,7:45 am,11:05 am,$26
520,2018-01-06,9:50 am,2:15 pm,$24
521,2018-01-06,3:30 pm,7:10 pm,$24
522,2018-01-06,3:30 pm,7:10 pm,$34
523,2018-01-07,7:45 am,11:05 am,$26
524,2018-01-07,9:50 am,2:15 pm,$25
525,2018-01-07,3:30 pm,7:44 pm,$24
526,2018-01-07,4:30 pm,8:15 pm,$34
527,2018-01-07,4:30 pm,8:15 pm,$44
528,2018-01-08,7:45 am,11:05 am,$26
529,2018-01-08,9:50 am,2:15 pm,$1
530,2018-01-08,3:30 pm,7:10 pm,$1
531,2018-01-08,3:30 pm,7:10 pm,$34
532,2018-01-09,7:45 am,11:05 am,$26
533,2018-01-09,9:50 am,2:15 pm,$24
534,2018-01-09,3:30 pm,7:10 pm,$24
535,2018-01-09,3:30 pm,7:10 pm,$34
536,2018-01-10,7:45 am,11:05 am,$1
537,2018-01-10,9:50 am,2:15 pm,$1
538,2018-01-10,3:30 pm,7:10 pm,$24
539,2018-01-10,3:30 pm,7:10 pm,$34
540,2018-01-11,7:45 am,11:05 am,$26
541,2018-01-11,9:50 am,2:15 pm,$24
542,2018-01-11,3:30 pm,7:10 pm,$24
543,2018-01-11,3:30 pm,7:10 pm,$34
544,2018-01-12,7:45 am,11:05 am,$26
545,2018-01-12,9:50 am,2:15 pm,$25
546,2018-01-12,3:30 pm,7:40 pm,$24
547,2018-01-12,3:30 pm,7:40 pm,$34
548,2018-01-12,4:30 pm,8:49 pm,$25
549,2018-01-13,7:45 am,11:05 am,$26
550,2018-01-13,9:50 am,2:15 pm,$24
551,2018-01-13,3:30 pm,7:10 pm,$24
552,2018-01-13,3:30 pm,7:10 pm,$34
553,2018-01-14,7:45 am,11:05 am,$26
554,2018-01-14,9:50 am,2:15 pm,$24
555,2018-01-14,3:30 pm,7:44 pm,$24
556,2018-01-14,4:30 pm,8:15 pm,$24
557,2018-01-14,4:30 pm,8:15 pm,$34
